Filename,Width,Height
0_0_0 copy 10.jpg,66,92
0_0_0 copy 11.jpg,102,128
0_0_0 copy 12.jpg,99,147
0_0_0 copy 13.jpg,141,214
0_0_0 copy 14.jpg,138,169
0_0_0 copy 15.jpg,98,138
0_0_0 copy 16.jpg,422,637
0_0_0 copy 17.jpg,135,218
0_0_0 copy 18.jpg,177,204
0_0_0 copy 19.jpg,112,188
0_0_0 copy 2 2.jpg,173,268
0_0_0 copy 2.jpg,168,283
0_0_0 copy 2.png,50,84
0_0_0 copy 20.jpg,131,180
0_0_0 copy 21.jpg,86,121
0_0_0 copy 22.jpg,135,208
0_0_0 copy 23.jpg,119,170
0_0_0 copy 24.jpg,122,207
0_0_0 copy 25.jpg,306,482
0_0_0 copy 26.jpg,197,342
0_0_0 copy 27.jpg,722,600
0_0_0 copy 28.jpg,84,123
0_0_0 copy 29.jpg,623,1042
0_0_0 copy 3 2.jpg,185,268
0_0_0 copy 3.jpg,67,81
0_0_0 copy 3.png,207,325
0_0_0 copy 30.jpg,203,281
0_0_0 copy 31.jpg,123,196
0_0_0 copy 32.jpg,64,82
0_0_0 copy 33.jpg,145,193
0_0_0 copy 34.jpg,71,91
0_0_0 copy 35.jpg,127,183
0_0_0 copy 36.jpg,108,150
0_0_0 copy 37.jpg,228,355
0_0_0 copy 38.jpg,280,467
0_0_0 copy 39.jpg,103,105
0_0_0 copy 4 2.jpg,335,517
0_0_0 copy 4.jpg,127,179
0_0_0 copy 40.jpg,125,134
0_0_0 copy 41.jpg,261,424
0_0_0 copy 42.jpg,86,143
0_0_0 copy 43.jpg,61,85
0_0_0 copy 44.jpg,83,121
0_0_0 copy 45.jpg,208,262
0_0_0 copy 46.jpg,150,227
0_0_0 copy 47.jpg,103,134
0_0_0 copy 48.jpg,80,98
0_0_0 copy 49.jpg,103,155
0_0_0 copy 5 2.jpg,536,797
0_0_0 copy 5.jpg,121,155
0_0_0 copy 50.jpg,98,156
0_0_0 copy 51.jpg,336,469
0_0_0 copy 52.jpg,229,309
0_0_0 copy 53.jpg,389,431
0_0_0 copy 54.jpg,284,392
0_0_0 copy 55.jpg,157,224
0_0_0 copy 56.jpg,94,123
0_0_0 copy 57.jpg,78,87
0_0_0 copy 58.jpg,134,219
0_0_0 copy 59.jpg,193,234
0_0_0 copy 6.jpg,383,551
0_0_0 copy 60.jpg,103,159
0_0_0 copy 61.jpg,155,234
0_0_0 copy 62.jpg,157,186
0_0_0 copy 63.jpg,66,77
0_0_0 copy 64.jpg,120,138
0_0_0 copy 65.jpg,207,301
0_0_0 copy 66.jpg,169,244
0_0_0 copy 67.jpg,113,161
0_0_0 copy 68.jpg,103,143
0_0_0 copy 69.jpg,144,207
0_0_0 copy 7.jpg,130,181
0_0_0 copy 70.jpg,425,633
0_0_0 copy 71.jpg,167,246
0_0_0 copy 72.jpg,135,144
0_0_0 copy 73.jpg,116,180
0_0_0 copy 74.jpg,173,268
0_0_0 copy 75.jpg,185,268
0_0_0 copy 76.jpg,335,517
0_0_0 copy 77.jpg,536,797
0_0_0 copy 78.jpg,164,242
0_0_0 copy 79.jpg,64,86
0_0_0 copy 8.jpg,62,85
0_0_0 copy 80.jpg,95,166
0_0_0 copy 81.jpg,327,434
0_0_0 copy 82.jpg,119,126
0_0_0 copy 83.jpg,87,99
0_0_0 copy 84.jpg,234,357
0_0_0 copy 85.jpg,213,316
0_0_0 copy 86.jpg,125,176
0_0_0 copy 87.jpg,106,163
0_0_0 copy 88.jpg,111,174
0_0_0 copy 89.jpg,255,355
0_0_0 copy 9.jpg,319,514
0_0_0 copy 90.jpg,123,204
0_0_0 copy 91.jpg,161,209
0_0_0 copy 92.jpg,50,72
0_0_0 copy 93.jpg,86,105
0_0_0 copy 94.jpg,565,901
0_0_0 copy 95.jpg,280,409
0_0_0 copy 96.jpg,812,1082
0_0_0 copy 97.jpg,60,94
0_0_0 copy.jpeg,126,160
0_0_0 copy.jpg,223,243
0_0_0 copy.png,59,81
0_0_0.jpeg,68,99
0_0_0.jpg,257,394
0_0_0.png,67,90
0_0_0066ichXly3gbb630i4w6j30u00tzjtk.jpg,365,463
0_0_0066ntrkgw1f8lreziaalj30iw0cl40h.jpg,77,121
0_0_006ajtxFly1g5eb2v2jmcj30iy0npt9w.jpg,180,263
0_0_006ajtxFly1g5eb2v9iw4j30u00u0mzf.jpg,160,196
0_0_006ajtxFly1g5eb2vgdh7j30sg0zkgo2.jpg,141,221
0_0_006ajtxFly1g5eb2w437yj30jn0ojta1.jpg,95,131
0_0_006ajtxFly1g5eb2wt4jqj30u00u0myv.jpg,157,199
0_0_006ajtxFly1g5eb2x25prj30sk0zowlc.jpg,190,309
0_0_006BAfOegy1fu6po8jzzxj30zk1hc4lj.jpg,66,81
0_0_006BAfOegy1fu6pozbss5j30zk1hcx3v.jpg,77,117
0_0_006bvB8ogw1f72ocbzmxyj30r80i5aeb.jpg,55,64
0_0_006GRRUely1gayhi8krcyj31jk2247wh.jpg,140,168
0_0_006GRRUely1gayhiad6f5j31jk223kjl.jpg,173,215
0_0_006GRRUely1gayhidiee9j31f01w0kjl.jpg,142,174
0_0_006GUzG3ly1gb5r7sl5xnj30dw0n6gmv.jpg,95,149
0_0_006LvDhLly1g790l62wozj30hs0pl0us.jpg,49,68
0_0_006LvDhLly1g790l6riuhj30hs0pntab.jpg,56,75
0_0_006vBMIgjw1fabb8ghpxrj30im0cgjt5.jpg,254,251
0_0_006VPylply1gbjeah2y9yj31o01o0e82.jpg,109,163
0_0_006YwFc4ly1gbbdpzu8tnj30m80cigng.jpg,45,94
0_0_0073OyrFly1gbeb261k8aj30u00u0whj.jpg,181,248
0_0_0073OyrFly1gbeb26fhlvj30u00u0433.jpg,69,89
0_0_0073OyrFly1gbeb28c8vmj30u00u042e.jpg,148,214
0_0_0075etYcly1ftg5jweo23j328e34014y.jpg,62,82
0_0_0075kpmfly1g5utrnd8pmj30jz0y7as4.jpg,86,137
0_0_007ESimlly1g1yvit3zx0j30jk0sgtet.jpg,46,64
0_0_1 copy 10.jpg,86,111
0_0_1 copy 11.jpg,175,224
0_0_1 copy 12.jpg,365,459
0_0_1 copy 13.jpg,181,278
0_0_1 copy 14.jpg,90,130
0_0_1 copy 15.jpg,761,1197
0_0_1 copy 16.jpg,215,272
0_0_1 copy 17.jpg,270,402
0_0_1 copy 18.jpg,71,117
0_0_1 copy 19.jpg,273,433
0_0_1 copy 2.jpg,92,107
0_0_1 copy 20.jpg,64,91
0_0_1 copy 21.jpg,139,188
0_0_1 copy 22.jpg,262,359
0_0_1 copy 23.jpg,54,86
0_0_1 copy 24.jpg,92,119
0_0_1 copy 25.jpg,118,136
0_0_1 copy 26.jpg,46,63
0_0_1 copy 27.jpg,108,176
0_0_1 copy 28.jpg,55,87
0_0_1 copy 29.jpg,137,206
0_0_1 copy 3.jpg,60,87
0_0_1 copy 30.jpg,147,192
0_0_1 copy 31.jpg,101,159
0_0_1 copy 32.jpg,118,185
0_0_1 copy 33.jpg,126,191
0_0_1 copy 34.jpg,334,429
0_0_1 copy 35.jpg,120,145
0_0_1 copy 36.jpg,108,167
0_0_1 copy 37.jpg,52,68
0_0_1 copy 38.jpg,123,156
0_0_1 copy 39.jpg,329,486
0_0_1 copy 4.jpg,71,92
0_0_1 copy 40.jpg,119,147
0_0_1 copy 41.jpg,56,81
0_0_1 copy 42.jpg,108,194
0_0_1 copy 43.jpg,84,108
0_0_1 copy 44.jpg,211,302
0_0_1 copy 45.jpg,56,75
0_0_1 copy 46.jpg,124,198
0_0_1 copy 47.jpg,313,378
0_0_1 copy 48.jpg,80,117
0_0_1 copy 49.jpg,63,78
0_0_1 copy 5.jpg,145,185
0_0_1 copy 50.jpg,129,177
0_0_1 copy 51.jpg,51,64
0_0_1 copy 6.jpg,73,84
0_0_1 copy 7.jpg,249,357
0_0_1 copy 8.jpg,215,272
0_0_1 copy 9.jpg,60,73
0_0_1 copy.JPEG,134,165
0_0_1 copy.jpg,55,59
0_0_1.jpg,130,197
0_0_1.png,71,116
0_0_10 copy 10.jpg,101,143
0_0_10 copy 11.jpg,184,300
0_0_10 copy 12.jpg,106,144
0_0_10 copy 13.jpg,157,216
0_0_10 copy 14.jpg,82,112
0_0_10 copy 15.jpg,177,232
0_0_10 copy 2.jpg,62,112
0_0_10 copy 3.jpg,104,141
0_0_10 copy 4.jpg,119,178
0_0_10 copy 5.jpg,63,105
0_0_10 copy 6.jpg,214,262
0_0_10 copy 7.jpg,160,229
0_0_10 copy 9.jpg,41,59
0_0_10 copy.jpg,138,256
0_0_10.jpg,263,386
0_0_11 copy 2.jpg,117,187
0_0_11 copy 3.jpg,56,75
0_0_11 copy 4.jpg,114,131
0_0_11 copy 5.jpg,142,191
0_0_11 copy 6.jpg,470,579
0_0_11 copy 7.jpg,93,106
0_0_11 copy 8.jpg,57,60
0_0_11 copy 9.jpg,116,172
0_0_11 copy.jpg,68,98
0_0_11.jpg,92,126
0_0_12 copy 3.jpg,92,137
0_0_12 copy 4.jpg,173,205
0_0_12 copy 5.jpg,123,210
0_0_12 copy 6.jpg,89,127
0_0_12 copy 7.jpg,95,126
0_0_12 copy 8.jpg,91,113
0_0_12 copy 9.jpg,267,445
0_0_12 copy.jpg,189,249
0_0_12.jpg,95,133
0_0_13 copy 2.jpg,171,231
0_0_13 copy 3.jpg,62,101
0_0_13 copy 5.jpg,103,145
0_0_13 copy 6.jpg,80,117
0_0_13 copy 7.jpg,74,87
0_0_13 copy.jpg,90,111
0_0_13.jpg,157,240
0_0_14 copy 2.jpg,88,118
0_0_14 copy 3.jpg,121,188
0_0_14 copy 4.jpg,167,242
0_0_14 copy 5.jpg,109,156
0_0_14 copy 6.jpg,86,128
0_0_14 copy 7.jpg,100,143
0_0_14 copy 8.jpg,117,155
0_0_14 copy.jpg,90,126
0_0_14.jpg,139,239
0_0_15 copy 2.jpg,76,104
0_0_15 copy 3.jpg,63,92
0_0_15 copy 4.jpg,293,333
0_0_15 copy 5.jpg,103,145
0_0_15 copy 6.jpg,139,172
0_0_15 copy 7.jpg,38,62
0_0_15 copy 8.jpg,150,224
0_0_15 copy.jpg,50,77
0_0_15.jpg,82,101
0_0_16 copy 10.jpg,81,120
0_0_16 copy 2.jpg,81,106
0_0_16 copy 3.jpg,39,59
0_0_16 copy 4.jpg,96,109
0_0_16 copy 5.jpg,152,188
0_0_16 copy 6.jpg,121,216
0_0_16 copy 7.jpg,207,276
0_0_16 copy 8.jpg,113,136
0_0_16 copy 9.jpg,95,152
0_0_16 copy.jpg,105,154
0_0_17 copy 2.jpg,42,56
0_0_17 copy 3.jpg,64,98
0_0_17 copy 4.jpg,170,267
0_0_17 copy 5.jpg,188,324
0_0_17 copy 6.jpg,170,243
0_0_17 copy 7.jpg,83,110
0_0_17.jpg,160,190
0_0_18 copy 10.jpg,121,174
0_0_18 copy 11.jpg,108,158
0_0_18 copy 12.jpg,103,156
0_0_18 copy 13.jpg,52,69
0_0_18 copy 14.jpg,74,99
0_0_18 copy 15.jpg,286,367
0_0_18 copy 17.jpg,86,93
0_0_18 copy 2.jpg,58,62
0_0_18 copy 3.jpg,48,53
0_0_18 copy 4.jpg,185,257
0_0_18 copy 5.jpg,122,167
0_0_18 copy 6.jpg,102,137
0_0_18 copy 7.jpg,133,187
0_0_18 copy 8.jpg,284,405
0_0_18 copy 9.jpg,126,127
0_0_18 copy.jpg,68,103
0_0_18.jpg,123,154
0_0_19 copy 2.jpg,134,185
0_0_19 copy 3.jpg,100,159
0_0_19 copy 4.jpg,107,153
0_0_19 copy 5.jpg,238,273
0_0_19 copy 6.jpg,37,44
0_0_19 copy.jpg,89,113
0_0_19.jpg,82,106
0_0_2 copy 10.jpg,204,311
0_0_2 copy 11.jpg,81,116
0_0_2 copy 12.jpg,229,356
0_0_2 copy 13.jpg,121,203
0_0_2 copy 14.jpg,116,144
0_0_2 copy 15.jpg,170,251
0_0_2 copy 16.jpg,105,147
0_0_2 copy 17.jpg,107,149
0_0_2 copy 18.jpg,83,173
0_0_2 copy 19.jpg,141,251
0_0_2 copy 20.jpg,125,146
0_0_2 copy 21.jpg,169,287
0_0_2 copy 22.jpg,256,329
0_0_2 copy 23.jpg,161,238
0_0_2 copy 24.jpg,72,97
0_0_2 copy 25.jpg,152,213
0_0_2 copy 26.jpg,63,82
0_0_2 copy 27.jpg,146,199
0_0_2 copy 28.jpg,180,276
0_0_2 copy 3.jpg,711,898
0_0_2 copy 30.jpg,291,300
0_0_2 copy 31.jpg,117,198
0_0_2 copy 32.jpg,113,170
0_0_2 copy 33.jpg,498,746
0_0_2 copy 34.jpg,140,210
0_0_2 copy 35.jpg,90,102
0_0_2 copy 36.jpg,131,190
0_0_2 copy 37.jpg,85,130
0_0_2 copy 38.jpg,296,337
0_0_2 copy 39.jpg,247,251
0_0_2 copy 4.jpg,67,90
0_0_2 copy 40.jpg,241,369
0_0_2 copy 41.jpg,127,208
0_0_2 copy 43.jpg,116,147
0_0_2 copy 44.jpg,206,287
0_0_2 copy 45.jpg,83,122
0_0_2 copy 46.jpg,81,123
0_0_2 copy 5.jpg,164,233
0_0_2 copy 6.jpg,253,302
0_0_2 copy 7.jpg,70,110
0_0_2 copy 8.jpg,89,129
0_0_2 copy 9.jpg,129,187
0_0_2 copy.jpg,305,425
0_0_2.JPEG,98,141
0_0_2.jpg,110,157
0_0_20 copy 2.jpg,86,127
0_0_20 copy 3.jpg,93,103
0_0_20 copy 4.jpg,111,164
0_0_20 copy 5.jpg,314,368
0_0_20 copy 6.jpg,112,168
0_0_20 copy 7.jpg,127,192
0_0_20 copy 8.jpg,57,77
0_0_20 copy 9.jpg,112,130
0_0_20 copy.jpg,69,110
0_0_20.jpg,160,246
0_0_21 copy 2.jpg,51,83
0_0_21 copy 3.jpg,79,129
0_0_21 copy 4.jpg,97,143
0_0_21 copy 5.jpg,130,174
0_0_21 copy 6.jpg,298,436
0_0_21 copy 7.jpg,667,943
0_0_21 copy 8.jpg,72,80
0_0_21 copy 9.jpg,97,127
0_0_21 copy.jpg,84,101
0_0_21.jpg,96,141
0_0_22 copy 2.jpg,49,76
0_0_22 copy 3.jpg,121,190
0_0_22 copy 5.jpg,82,125
0_0_22 copy 7.jpg,133,159
0_0_22 copy.jpg,336,405
0_0_22.jpg,198,270
0_0_23 copy 2.jpg,68,142
0_0_23 copy 3.jpg,96,125
0_0_23 copy 4.jpg,91,117
0_0_23 copy 5.jpg,75,101
0_0_23 copy 6.jpg,210,233
0_0_23 copy.jpg,129,191
0_0_23.jpg,293,330
0_0_24 copy 2.jpg,84,95
0_0_24 copy 3.jpg,109,138
0_0_24 copy 4.jpg,74,97
0_0_24 copy 5.jpg,94,151
0_0_24 copy 6.jpg,62,88
0_0_24 copy 7.jpg,85,100
0_0_24 copy 8.jpg,215,273
0_0_24 copy.jpg,68,93
0_0_24.jpg,66,93
0_0_25 copy 2.jpg,71,116
0_0_25 copy 3.jpg,117,216
0_0_25 copy 4.jpg,89,111
0_0_25 copy 5.jpg,164,191
0_0_25 copy.jpg,128,152
0_0_25.jpg,80,117
0_0_26 copy 2.jpg,107,182
0_0_26 copy.jpg,67,87
0_0_26.jpg,121,216
0_0_27 copy 2.jpg,61,95
0_0_27 copy 3.jpg,93,157
0_0_27 copy 4.jpg,125,141
0_0_27 copy 5.jpg,179,239
0_0_27 copy.jpg,70,103
0_0_27.jpg,101,125
0_0_28 copy 2.jpg,157,186
0_0_28 copy 3.jpg,101,158
0_0_28 copy 4.jpg,75,109
0_0_28 copy 5.jpg,56,79
0_0_28 copy 6.jpg,223,303
0_0_28 copy 7.jpg,116,186
0_0_28 copy 8.jpg,63,84
0_0_28 copy.jpg,50,65
0_0_28.jpg,90,145
0_0_29 copy 2.jpg,83,128
0_0_29 copy 3.jpg,45,62
0_0_29 copy.jpg,120,187
0_0_3 copy 10.jpg,166,266
0_0_3 copy 11.jpg,130,182
0_0_3 copy 12.jpg,85,97
0_0_3 copy 13.jpg,92,135
0_0_3 copy 14.jpg,58,81
0_0_3 copy 15.jpg,101,142
0_0_3 copy 16.jpg,128,152
0_0_3 copy 17.jpg,111,165
0_0_3 copy 18.jpg,179,302
0_0_3 copy 19.jpg,137,178
0_0_3 copy 2.jpg,239,385
0_0_3 copy 20.jpg,226,237
0_0_3 copy 21.jpg,92,118
0_0_3 copy 22.jpg,94,138
0_0_3 copy 23.jpg,53,70
0_0_3 copy 25.jpg,86,129
0_0_3 copy 26.jpg,91,133
0_0_3 copy 27.jpg,64,83
0_0_3 copy 28.jpg,96,153
0_0_3 copy 29.jpg,52,78
0_0_3 copy 3.jpg,66,86
0_0_3 copy 30.jpg,72,101
0_0_3 copy 31.jpg,98,127
0_0_3 copy 32.jpg,82,131
0_0_3 copy 34.jpg,82,95
0_0_3 copy 4.jpg,77,129
0_0_3 copy 5.jpg,120,161
0_0_3 copy 6.jpg,291,378
0_0_3 copy 7.jpg,127,156
0_0_3 copy 8.jpg,318,524
0_0_3 copy 9.jpg,87,114
0_0_3 copy.jpg,95,142
0_0_3-130615133545192.jpg,256,301
0_0_3.jpg,67,96
0_0_30 copy.jpg,198,274
0_0_30.jpg,169,251
0_0_307ce9cd026c8173a511bb0a9e28c5bc.jpg,223,369
0_0_31 copy.jpg,102,136
0_0_31.jpg,37,51
0_0_32 copy.jpg,79,102
0_0_32.jpg,120,149
0_0_33 copy.jpg,116,161
0_0_33.jpg,158,232
0_0_34.jpg,188,295
0_0_35 copy.jpg,100,134
0_0_35.jpg,151,278
0_0_36.jpg,169,190
0_0_37.jpg,151,217
0_0_38.jpg,174,297
0_0_39.jpg,76,95
0_0_3c6d55fbb2fb4316d33a750055068c2608f7d3cf.jpeg,88,136
0_0_4 copy 10.jpg,236,351
0_0_4 copy 11.jpg,167,245
0_0_4 copy 12.jpg,136,270
0_0_4 copy 13.jpg,230,308
0_0_4 copy 14.jpg,232,350
0_0_4 copy 15.jpg,76,105
0_0_4 copy 16.jpg,91,159
0_0_4 copy 18.jpg,129,230
0_0_4 copy 19.jpg,201,353
0_0_4 copy 2.jpg,51,76
0_0_4 copy 20.jpg,72,93
0_0_4 copy 21.jpg,91,124
0_0_4 copy 22.jpg,63,84
0_0_4 copy 23.jpg,117,159
0_0_4 copy 24.jpg,79,101
0_0_4 copy 25.jpg,114,139
0_0_4 copy 27.jpg,186,295
0_0_4 copy 28.jpg,129,136
0_0_4 copy 29.jpg,106,143
0_0_4 copy 3.jpg,111,185
0_0_4 copy 30.jpg,99,141
0_0_4 copy 31.jpg,229,356
0_0_4 copy 32.jpg,178,268
0_0_4 copy 33.jpg,57,90
0_0_4 copy 4.jpg,134,210
0_0_4 copy 5.jpg,140,298
0_0_4 copy 6.jpg,38,56
0_0_4 copy 7.jpg,83,136
0_0_4 copy 8.jpg,219,297
0_0_4 copy 9.jpg,88,126
0_0_4 copy.jpg,71,97
0_0_4.jpg,167,203
0_0_40_161108111055_1.jpg,217,326
0_0_41.jpg,185,261
0_0_42.jpg,169,251
0_0_43.jpg,250,267
0_0_45 copy.jpg,99,144
0_0_45.jpg,114,178
0_0_46.jpg,296,433
0_0_46fe0b54jw1eysjnlcazwj20dc0hsac0.jpg,223,314
0_0_47 copy 2.jpg,280,452
0_0_47 copy.jpg,108,176
0_0_47.jpg,151,240
0_0_48.jpg,127,191
0_0_48e8081fly1gbc1f5tts2j21d01tckjm.jpg,532,698
0_0_48f333f1gy1gbskbbuciaj20m80m8wlj.jpg,237,328
0_0_49 copy.jpg,78,94
0_0_49.jpg,192,243
0_0_4a1f9f75ly1gb5ao9fk1vj21o01nwqig.jpg,497,542
0_0_4a1f9f75ly1gbsiwdi2axj20mm0lwtgn.jpg,319,464
0_0_4e2f9179ly3gbdq9xefr3j20zk0zke74.jpg,301,430
0_0_4eb80259gy1gbltrosayaj22ds1scx6p.jpg,170,210
0_0_5 copy 10.jpg,241,335
0_0_5 copy 11.jpg,103,154
0_0_5 copy 12.jpg,84,136
0_0_5 copy 13.jpg,105,147
0_0_5 copy 14.jpg,216,286
0_0_5 copy 15.jpg,90,132
0_0_5 copy 17.jpg,120,177
0_0_5 copy 18.jpg,95,129
0_0_5 copy 19.jpg,80,113
0_0_5 copy 2.jpg,101,148
0_0_5 copy 20.jpg,60,81
0_0_5 copy 21.jpg,160,211
0_0_5 copy 22.jpg,72,105
0_0_5 copy 23.jpg,104,132
0_0_5 copy 24.jpg,91,126
0_0_5 copy 25.jpg,164,246
0_0_5 copy 26.jpg,62,88
0_0_5 copy 27.jpg,315,388
0_0_5 copy 28.jpg,355,483
0_0_5 copy 29.jpg,110,163
0_0_5 copy 3.jpg,217,400
0_0_5 copy 30.jpg,83,130
0_0_5 copy 4.jpg,190,262
0_0_5 copy 5.jpg,183,301
0_0_5 copy 6.jpg,278,393
0_0_5 copy 7.jpg,97,125
0_0_5 copy.jpg,62,85
0_0_5.jpg,109,148
0_0_50 copy.jpg,41,65
0_0_50.jpg,123,169
0_0_52.jpg,203,304
0_0_53.jpg,86,135
0_0_5495a3d7gy1gaph1hi8cuj22yo1o0qv5.jpg,147,149
0_0_5495a3d7gy1gbtr3hzll9j21o01o0npe.jpg,174,237
0_0_55.jpg,266,330
0_0_55401eefly1gaeuz81rimj21sh2opnpe.jpg,112,167
0_0_56.jpg,191,259
0_0_57490f54gy1fga7jh5s52j21kw13xdkv.jpg,84,93
0_0_57490f54gy1fga7jjy31sj21kw11xk1o.jpg,60,78
0_0_57490f54gy1fga7jkq5tyj21kw215dsz.jpg,64,101
0_0_6 copy 10.jpg,128,189
0_0_6 copy 11.jpg,107,134
0_0_6 copy 12.jpg,125,189
0_0_6 copy 13.jpg,127,158
0_0_6 copy 14.jpg,56,72
0_0_6 copy 15.jpg,150,168
0_0_6 copy 16.jpg,238,312
0_0_6 copy 17.jpg,70,89
0_0_6 copy 18.jpg,676,1107
0_0_6 copy 19.jpg,264,324
0_0_6 copy 2.jpg,131,191
0_0_6 copy 20.jpg,188,202
0_0_6 copy 22.jpg,203,241
0_0_6 copy 23.jpg,170,243
0_0_6 copy 3.jpg,407,561
0_0_6 copy 4.jpg,190,288
0_0_6 copy 5.jpg,103,122
0_0_6 copy 6.jpg,192,246
0_0_6 copy 7.jpg,114,165
0_0_6 copy 8.jpg,113,164
0_0_6 copy 9.jpg,116,149
0_0_6 copy.jpg,105,153
0_0_6.jpg,73,107
0_0_6055_191105090631_1.jpg,289,409
0_0_633fd32bly1gbckyhr0nyj20hs0hsgo9.jpg,159,188
0_0_6341ce20ly3gb7g8mqwtcj20uo0hm490.jpg,69,78
0_0_6444def0ly1gbk9lvp4thj20ci0cgdfw.jpg,210,300
0_0_64b6fbc4ly1gbagk5ftwmj20mi0u0n06.jpg,153,229
0_0_663d85a4jw6dd814u9pyfj.jpg,55,83
0_0_66f2c159jw1e8jurshmssj20dm0i80ul.jpg,107,167
0_0_67405f3ejw1elhdnolnnyj20no0vkgrm.jpg,348,378
0_0_677aba7dgw1f5fnc1m9hnj21kw2dcnk7 (1).jpg,88,119
0_0_682b06c1gy1fr21u553j3j215o0rs7pv.jpg,72,93
0_0_6ae9f7baly1gbyeqlp00yj21o02801ky.jpg,250,365
0_0_6b064143ly1gb8tr8w2q7j20zk1hcduo.jpg,229,401
0_0_6e745b4bgy1g78l5u2ktqj20f00mi0vj.jpg,156,216
0_0_6e745b4bgy1g78l5uyruxj20f00mi0vo.jpg,74,93
0_0_6f3feedbly1g35rq7j549j20xc0m877l.jpg,53,55
0_0_7 copy 10.jpg,345,445
0_0_7 copy 11.jpg,102,140
0_0_7 copy 12.jpg,85,134
0_0_7 copy 13.jpg,69,97
0_0_7 copy 14.jpg,56,74
0_0_7 copy 15.jpg,79,119
0_0_7 copy 16.jpg,201,274
0_0_7 copy 17.jpg,175,224
0_0_7 copy 18.jpg,130,155
0_0_7 copy 19.jpg,214,328
0_0_7 copy 2.jpg,114,195
0_0_7 copy 20.jpg,90,123
0_0_7 copy 21.jpg,82,109
0_0_7 copy 22.jpg,76,107
0_0_7 copy 23.jpg,105,148
0_0_7 copy 24.jpg,79,92
0_0_7 copy 3.jpg,184,273
0_0_7 copy 4.jpg,186,273
0_0_7 copy 5.jpg,526,786
0_0_7 copy 6.jpg,108,167
0_0_7 copy 7.jpg,82,103
0_0_7 copy 8.jpg,117,172
0_0_7 copy 9.jpg,53,81
0_0_7 copy.jpg,74,104
0_0_7.jpg,116,179
0_0_74b0deabjw1f8hqhk2j2ij21kw2dc4qp.jpg,178,278
0_0_75889c25ly1fjxx1xgfv2j20u00u041j.jpg,142,168
0_0_8 copy 10.jpg,203,287
0_0_8 copy 11.jpg,110,134
0_0_8 copy 12.jpg,277,395
0_0_8 copy 13.jpg,125,176
0_0_8 copy 14.jpg,139,139
0_0_8 copy 15.jpg,50,87
0_0_8 copy 16.jpg,76,114
0_0_8 copy 17.jpg,223,303
0_0_8 copy 18.jpg,67,105
0_0_8 copy 19.jpg,44,58
0_0_8 copy 2.jpg,175,222
0_0_8 copy 3.jpg,388,544
0_0_8 copy 4.jpg,86,100
0_0_8 copy 5.jpg,91,128
0_0_8 copy 6.jpg,112,144
0_0_8 copy 7.jpg,190,270
0_0_8 copy 8.jpg,78,110
0_0_8 copy 9.jpg,151,249
0_0_8 copy.jpg,443,563
0_0_8.jpg,118,179
0_0_80730d69ly1gbpcepdazoj20ku0ubmzr.jpg,47,67
0_0_8bf8364ed98ac9cbeb3c45e87270b886.jpeg,77,111
0_0_8fc81df599d9518353a6f7621ffc5068.jpeg,68,95
0_0_8fd96a5c61247b8ce854c9b5bafc72ec.jpg,178,223
0_0_9 copy 2.jpg,156,177
0_0_9 copy 3.jpg,143,201
0_0_9 copy 4.jpg,160,229
0_0_9 copy 5.jpg,429,338
0_0_9 copy 6.jpg,50,74
0_0_9 copy 7.jpg,113,134
0_0_9 copy 8.jpg,105,150
0_0_9 copy 9.jpg,96,143
0_0_9 copy.jpg,94,148
0_0_9.jpg,109,157
0_0_9de50022gy1fkizdcyvzaj22kw3vcqv8.jpg,112,159
0_0_ab41fce2gy1fyq9sp8l7rj223u35sx6p.jpg,62,87
0_0_ab41fce2gy1fyq9suyy45j223u35sx6p.jpg,73,95
0_0_ab41fce2gy1fyq9t1i934j223u35s4qq.jpg,71,105
0_0_ab41fce2gy1fyq9t84x99j223u35s1ky.jpg,71,105
0_0_ac4bd11373f082023933e9493e5931e8aa641b4e.jpeg,130,196
0_0_b5ab5af2jw1evkel6ye78j20m80xcqhy.jpg,78,122
0_0_b5ab5af2jw1evkem4w3wqj20m80xcto0.jpg,102,158
0_0_c13fabcd4a33401e1cc6ced7cf90f193.jpg,84,112
0_0_c3d5c8b8gy1gbx8js0v32j20u0140nbj.jpg,147,189
0_0_e87cac09ly1g946kdzavqj20da09o3z9.jpg,127,146
0_0_eb49cac2e9ff8bf0906bba0b1c5a5333.jpeg,89,112
0_0_MAIN201801311352000523486077978.jpg,171,308
0_0_MAIN201801311352000533078401944.jpg,202,312
0_0_MAIN201801311352000539746010388.jpg,159,256
"0_0_u=458093892,1923361536&fm=26&gp=0.jpg",101,126
0_0_œ¬‘ÿ.png,184,277
